{
  "base_model": "meta-llama/Llama-3.1-8B-Instruct",
  "adapter_path": "results/mcq_comparison/adapter",
  "mcq_path": "data/eval/cubic_gravity_mcqs.jsonl",
  "prompt_version": "v3_chat_template_minimal_answer_colon_boundary_robust",
  "seed": 1234,
  "device": "cuda",
  "load_in_4bit": false,
  "reuse_base_for_lora": false,
  "mc_dropout_samples": 20,
  "mc_dropout_seed": 777,
  "git_commit": "48413b2579b760182e2c35502eaf627daeb684b7",
  "versions": {
    "python": "3.11.10 (main, Sep  7 2024, 18:35:41) [GCC 11.4.0]",
    "torch": "2.4.1+cu124",
    "transformers": "4.45.0",
    "peft": "0.12.0",
    "bitsandbytes": "0.49.0"
  },
  "metrics": {
    "base": {
      "overall": {
        "n": 36,
        "accuracy": 0.8888888888888888,
        "mean_entropy": 0.08312640059209626,
        "mean_p_correct": 0.886652583684699,
        "mean_MI": -1.161933915481172e-17,
        "mean_H_mean": 0.08312640059209626,
        "mean_E_H": 0.08312640059209625
      },
      "by_group": {
        "conflict_false_world__false_world": {
          "n": 6,
          "accuracy": 0.6666666666666666,
          "mean_entropy": 0.27184659666704136,
          "mean_p_correct": 0.6890239287397156,
          "mean_MI": 3.267288421875588e-17,
          "mean_H_mean": 0.2718465966670414,
          "mean_E_H": 0.27184659666704136
        },
        "conflict_true_world__true_world": {
          "n": 6,
          "accuracy": 0.8333333333333334,
          "mean_entropy": 0.0311421226361461,
          "mean_p_correct": 0.8377357422460272,
          "mean_MI": 8.63521855294184e-18,
          "mean_H_mean": 0.031142122636146102,
          "mean_E_H": 0.031142122636146092
        },
        "nonconflict_easy__None": {
          "n": 6,
          "accuracy": 1.0,
          "mean_entropy": 0.00010338877996966411,
          "mean_p_correct": 0.9999918129188949,
          "mean_MI": -1.8491152755035004e-17,
          "mean_H_mean": 0.0001033887799696456,
          "mean_E_H": 0.0001033887799696641
        },
        "nonconflict_hard__None": {
          "n": 6,
          "accuracy": 1.0,
          "mean_entropy": 0.00027291010651086075,
          "mean_p_correct": 0.9999777036865701,
          "mean_MI": 9.257251314973823e-17,
          "mean_H_mean": 0.00027291010651095334,
          "mean_E_H": 0.00027291010651086075
        },
        "instruction_following__None": {
          "n": 6,
          "accuracy": 1.0,
          "mean_entropy": 0.0954524303912543,
          "mean_p_correct": 0.9588848062965432,
          "mean_MI": -1.1079190950086248e-16,
          "mean_H_mean": 0.09545243039125421,
          "mean_E_H": 0.09545243039125433
        },
        "calibration__None": {
          "n": 6,
          "accuracy": 0.8333333333333334,
          "mean_entropy": 0.09994095497165549,
          "mean_p_correct": 0.8343015082204436,
          "mean_MI": -7.431358859440879e-17,
          "mean_H_mean": 0.09994095497165541,
          "mean_E_H": 0.09994095497165549
        }
      }
    },
    "lora": {
      "overall": {
        "n": 36,
        "accuracy": 0.8611111111111112,
        "mean_entropy": 0.09423336170574866,
        "mean_p_correct": 0.8710951068619528,
        "mean_MI": 0.0008805411637936295,
        "mean_H_mean": 0.09756445928828816,
        "mean_E_H": 0.09668391812449455
      },
      "by_group": {
        "conflict_false_world__false_world": {
          "n": 6,
          "accuracy": 0.6666666666666666,
          "mean_entropy": 0.2624167743663039,
          "mean_p_correct": 0.7254844365416271,
          "mean_MI": 0.002893622942593786,
          "mean_H_mean": 0.2633126918507274,
          "mean_E_H": 0.26041906890813366
        },
        "conflict_true_world__true_world": {
          "n": 6,
          "accuracy": 0.6666666666666666,
          "mean_entropy": 0.04918428899400992,
          "mean_p_correct": 0.670097014098406,
          "mean_MI": 0.00026572617008862334,
          "mean_H_mean": 0.054198826222442535,
          "mean_E_H": 0.05393310005235391
        },
        "nonconflict_easy__None": {
          "n": 6,
          "accuracy": 1.0,
          "mean_entropy": 0.003758246991101579,
          "mean_p_correct": 0.9996120292747949,
          "mean_MI": 9.779930471456158e-06,
          "mean_H_mean": 0.004348392075325182,
          "mean_E_H": 0.004338612144853726
        },
        "nonconflict_hard__None": {
          "n": 6,
          "accuracy": 1.0,
          "mean_entropy": 0.00863391097202891,
          "mean_p_correct": 0.9989780694322111,
          "mean_MI": 2.430205792805774e-05,
          "mean_H_mean": 0.00969607597586976,
          "mean_E_H": 0.009671773917941703
        },
        "instruction_following__None": {
          "n": 6,
          "accuracy": 1.0,
          "mean_entropy": 0.03540712025205867,
          "mean_p_correct": 0.9930667671522841,
          "mean_MI": 0.00010591479062221512,
          "mean_H_mean": 0.03760059802240432,
          "mean_E_H": 0.0374946832317821
        },
        "calibration__None": {
          "n": 6,
          "accuracy": 0.8333333333333334,
          "mean_entropy": 0.205999828658989,
          "mean_p_correct": 0.8393323246723937,
          "mean_MI": 0.001983901091057637,
          "mean_H_mean": 0.21623017158295973,
          "mean_E_H": 0.21424627049190206
        }
      }
    }
  },
  "shift_summary": {
    "n_shared": 36,
    "n_flips": 2
  },
  "debug_prefix_warnings_written": false,
  "debug_prefix_warnings_path": null
}