{
  "layer_1": {
    "test": {
      "auc": 0.9139880952380952,
      "auc_std": 0.08006118337809046,
      "dummy_auc": 0.4669642857142858
    }
  },
  "layer_2": {
    "test": {
      "auc": 0.9488095238095238,
      "auc_std": 0.05318644738973492,
      "dummy_auc": 0.38095238095238093
    }
  },
  "layer_3": {
    "test": {
      "auc": 0.9345238095238095,
      "auc_std": 0.06880087274666617,
      "dummy_auc": 0.6330357142857144
    }
  },
  "layer_4": {
    "test": {
      "auc": 0.9559523809523809,
      "auc_std": 0.04151332327181592,
      "dummy_auc": 0.5741071428571429
    }
  },
  "layer_5": {
    "test": {
      "auc": 0.9857142857142858,
      "auc_std": 0.02857142857142856,
      "dummy_auc": 0.5220238095238096
    }
  },
  "layer_6": {
    "test": {
      "auc": 0.9857142857142858,
      "auc_std": 0.02857142857142856,
      "dummy_auc": 0.6017857142857143
    }
  },
  "layer_7": {
    "test": {
      "auc": 0.9785714285714284,
      "auc_std": 0.04285714285714288,
      "dummy_auc": 0.4625
    }
  },
  "layer_8": {
    "test": {
      "auc": 0.9488095238095238,
      "auc_std": 0.05318644738973492,
      "dummy_auc": 0.4854166666666666
    }
  },
  "layer_9": {
    "test": {
      "auc": 0.9642857142857142,
      "auc_std": 0.055328333517248786,
      "dummy_auc": 0.5169642857142858
    }
  },
  "layer_10": {
    "test": {
      "auc": 0.9714285714285715,
      "auc_std": 0.05714285714285712,
      "dummy_auc": 0.5845238095238096
    }
  },
  "layer_11": {
    "test": {
      "auc": 0.9714285714285715,
      "auc_std": 0.05714285714285712,
      "dummy_auc": 0.6523809523809524
    }
  },
  "layer_12": {
    "test": {
      "auc": 0.9714285714285715,
      "auc_std": 0.05714285714285712,
      "dummy_auc": 0.63125
    }
  },
  "layer_13": {
    "test": {
      "auc": 0.9785714285714284,
      "auc_std": 0.04285714285714288,
      "dummy_auc": 0.5541666666666666
    }
  },
  "layer_14": {
    "test": {
      "auc": 0.9928571428571429,
      "auc_std": 0.01428571428571428,
      "dummy_auc": 0.39642857142857146
    }
  },
  "layer_15": {
    "test": {
      "auc": 0.9785714285714284,
      "auc_std": 0.04285714285714288,
      "dummy_auc": 0.6595238095238095
    }
  },
  "layer_16": {
    "test": {
      "auc": 0.9785714285714284,
      "auc_std": 0.04285714285714288,
      "dummy_auc": 0.45982142857142855
    }
  },
  "layer_17": {
    "test": {
      "auc": 0.9785714285714284,
      "auc_std": 0.04285714285714288,
      "dummy_auc": 0.5988095238095237
    }
  },
  "layer_18": {
    "test": {
      "auc": 0.9785714285714284,
      "auc_std": 0.04285714285714288,
      "dummy_auc": 0.6178571428571429
    }
  },
  "layer_19": {
    "test": {
      "auc": 0.9702380952380952,
      "auc_std": 0.04192099252775956,
      "dummy_auc": 0.5904761904761905
    }
  },
  "layer_20": {
    "test": {
      "auc": 0.9785714285714284,
      "auc_std": 0.04285714285714288,
      "dummy_auc": 0.6080357142857142
    }
  },
  "layer_21": {
    "test": {
      "auc": 0.9857142857142858,
      "auc_std": 0.02857142857142856,
      "dummy_auc": 0.4488095238095238
    }
  },
  "layer_22": {
    "test": {
      "auc": 0.9857142857142858,
      "auc_std": 0.02857142857142856,
      "dummy_auc": 0.5264880952380951
    }
  },
  "layer_23": {
    "test": {
      "auc": 0.9857142857142858,
      "auc_std": 0.02857142857142856,
      "dummy_auc": 0.7226190476190475
    }
  },
  "layer_24": {
    "test": {
      "auc": 0.9857142857142858,
      "auc_std": 0.02857142857142856,
      "dummy_auc": 0.6238095238095238
    }
  },
  "layer_25": {
    "test": {
      "auc": 0.9857142857142858,
      "auc_std": 0.02857142857142856,
      "dummy_auc": 0.5348214285714286
    }
  },
  "layer_26": {
    "test": {
      "auc": 0.9857142857142858,
      "auc_std": 0.02857142857142856,
      "dummy_auc": 0.7473214285714286
    }
  },
  "layer_27": {
    "test": {
      "auc": 0.9857142857142858,
      "auc_std": 0.02857142857142856,
      "dummy_auc": 0.7952380952380953
    }
  },
  "layer_28": {
    "test": {
      "auc": 0.9857142857142858,
      "auc_std": 0.02857142857142856,
      "dummy_auc": 0.6017857142857144
    }
  },
  "layer_29": {
    "test": {
      "auc": 0.9857142857142858,
      "auc_std": 0.02857142857142856,
      "dummy_auc": 0.48392857142857143
    }
  },
  "layer_30": {
    "test": {
      "auc": 0.9857142857142858,
      "auc_std": 0.02857142857142856,
      "dummy_auc": 0.6303571428571428
    }
  },
  "layer_31": {
    "test": {
      "auc": 0.9857142857142858,
      "auc_std": 0.02857142857142856,
      "dummy_auc": 0.6029761904761904
    }
  },
  "layer_32": {
    "test": {
      "auc": 1.0,
      "auc_std": 0.0,
      "dummy_auc": 0.6145833333333333
    }
  }
}