{
  "layer_1": {
    "test": {
      "auc": 0.9139880952380952,
      "auc_std": 0.08006118337809046,
      "dummy_auc": 0.42886904761904765
    }
  },
  "layer_2": {
    "test": {
      "auc": 0.9571428571428571,
      "auc_std": 0.05714285714285712,
      "dummy_auc": 0.5452380952380953
    }
  },
  "layer_3": {
    "test": {
      "auc": 0.9345238095238095,
      "auc_std": 0.06880087274666617,
      "dummy_auc": 0.46547619047619043
    }
  },
  "layer_4": {
    "test": {
      "auc": 0.9416666666666667,
      "auc_std": 0.057636754461477174,
      "dummy_auc": 0.6247023809523811
    }
  },
  "layer_5": {
    "test": {
      "auc": 0.9702380952380952,
      "auc_std": 0.027147033930931843,
      "dummy_auc": 0.6434523809523809
    }
  },
  "layer_6": {
    "test": {
      "auc": 0.9785714285714284,
      "auc_std": 0.04285714285714288,
      "dummy_auc": 0.5083333333333333
    }
  },
  "layer_7": {
    "test": {
      "auc": 0.9714285714285715,
      "auc_std": 0.04164965639175217,
      "dummy_auc": 0.45476190476190476
    }
  },
  "layer_8": {
    "test": {
      "auc": 0.9416666666666667,
      "auc_std": 0.057636754461477153,
      "dummy_auc": 0.5446428571428571
    }
  },
  "layer_9": {
    "test": {
      "auc": 0.9571428571428571,
      "auc_std": 0.05248906591678242,
      "dummy_auc": 0.60625
    }
  },
  "layer_10": {
    "test": {
      "auc": 1.0,
      "auc_std": 0.0,
      "dummy_auc": 0.5151785714285715
    }
  },
  "layer_11": {
    "test": {
      "auc": 0.9845238095238095,
      "auc_std": 0.019047619047619032,
      "dummy_auc": 0.68125
    }
  },
  "layer_12": {
    "test": {
      "auc": 0.9928571428571429,
      "auc_std": 0.01428571428571428,
      "dummy_auc": 0.6107142857142857
    }
  },
  "layer_13": {
    "test": {
      "auc": 0.9785714285714284,
      "auc_std": 0.02857142857142856,
      "dummy_auc": 0.5214285714285715
    }
  },
  "layer_14": {
    "test": {
      "auc": 0.9702380952380952,
      "auc_std": 0.04192099252775956,
      "dummy_auc": 0.5619047619047619
    }
  },
  "layer_15": {
    "test": {
      "auc": 0.9690476190476192,
      "auc_std": 0.0380952380952381,
      "dummy_auc": 0.5970238095238096
    }
  },
  "layer_16": {
    "test": {
      "auc": 0.9535714285714285,
      "auc_std": 0.05714285714285716,
      "dummy_auc": 0.6494047619047618
    }
  },
  "layer_17": {
    "test": {
      "auc": 0.9690476190476192,
      "auc_std": 0.0380952380952381,
      "dummy_auc": 0.5702380952380952
    }
  },
  "layer_18": {
    "test": {
      "auc": 0.9607142857142857,
      "auc_std": 0.05101020306102035,
      "dummy_auc": 0.30625
    }
  },
  "layer_19": {
    "test": {
      "auc": 0.9607142857142857,
      "auc_std": 0.05101020306102035,
      "dummy_auc": 0.5508928571428571
    }
  },
  "layer_20": {
    "test": {
      "auc": 0.9607142857142857,
      "auc_std": 0.05101020306102035,
      "dummy_auc": 0.7735119047619047
    }
  },
  "layer_21": {
    "test": {
      "auc": 0.9535714285714285,
      "auc_std": 0.05714285714285716,
      "dummy_auc": 0.47023809523809523
    }
  },
  "layer_22": {
    "test": {
      "auc": 0.9773809523809524,
      "auc_std": 0.02925763268439167,
      "dummy_auc": 0.6273809523809524
    }
  },
  "layer_23": {
    "test": {
      "auc": 0.9857142857142858,
      "auc_std": 0.02857142857142856,
      "dummy_auc": 0.6142857142857142
    }
  },
  "layer_24": {
    "test": {
      "auc": 0.9773809523809524,
      "auc_std": 0.02925763268439167,
      "dummy_auc": 0.5967261904761905
    }
  },
  "layer_25": {
    "test": {
      "auc": 0.9773809523809526,
      "auc_std": 0.02925763268439167,
      "dummy_auc": 0.7690476190476191
    }
  },
  "layer_26": {
    "test": {
      "auc": 0.9619047619047618,
      "auc_std": 0.03923156441258117,
      "dummy_auc": 0.6166666666666667
    }
  },
  "layer_27": {
    "test": {
      "auc": 0.9773809523809526,
      "auc_std": 0.02925763268439167,
      "dummy_auc": 0.4863095238095238
    }
  },
  "layer_28": {
    "test": {
      "auc": 0.9773809523809526,
      "auc_std": 0.02925763268439167,
      "dummy_auc": 0.5235119047619048
    }
  },
  "layer_29": {
    "test": {
      "auc": 0.9773809523809526,
      "auc_std": 0.02925763268439167,
      "dummy_auc": 0.7684523809523809
    }
  },
  "layer_30": {
    "test": {
      "auc": 0.9773809523809526,
      "auc_std": 0.02925763268439167,
      "dummy_auc": 0.675
    }
  },
  "layer_31": {
    "test": {
      "auc": 0.9845238095238095,
      "auc_std": 0.019047619047619035,
      "dummy_auc": 0.6598214285714287
    }
  },
  "layer_32": {
    "test": {
      "auc": 0.9845238095238095,
      "auc_std": 0.019047619047619035,
      "dummy_auc": 0.4488095238095237
    }
  }
}